[
	{
		"Nome 1": "AGRO MARTONA - CM - Filial 6",
		"Nome": "AGROPECUARIA MARTONA LTDA",
		"Rua": "Sitio Estiva",
		"Numero": "S/N",
		"Bairro": "Zona Rural",
		"Cidade": "Cachoeira de Minas",
		"CEP": "37545-000",
		"Estado": "MG",
		"Pais": "BR",
		"Telefone": "11 5586-2185",
		"Latitude": -22.389019888750862,
		"Longitude": -45.743671854583035
	},
	{
		"Nome 1": "AGRO MARTONA - CN - Filial 5",
		"Nome": "AGROPECUARIA MARTONA LTDA",
		"Rua": "Fazenda Santa Monica",
		"Numero": "S/N",
		"Bairro": "Zona Rural",
		"Cidade": "Caldas Novas",
		"CEP": "75698-899",
		"Estado": "GO",
		"Pais": "BR",
		"Telefone": "35 3427-9004",
		"Latitude": -17.744425676901724,
		"Longitude": -48.62540779698353
	},
	{
		"Nome 1": "AGRO MARTONA - Min - Filial 4",
		"Nome": "AGROPECUARIA MARTONA LTDA",
		"Rua": "Rodovia GO 341",
		"Numero": "S/N",
		"Bairro": "Zona Rural",
		"Cidade": "Mineiros",
		"CEP": "75838-899",
		"Estado": "GO",
		"Pais": "BR",
		"Telefone": "35 3427-9004",
		"Latitude": -17.5604423239637,
		"Longitude": -52.5295005347244
	},
	{
		"Nome 1": "AGRO MARTONA - PA Filial 2",
		"Nome": "AGROPECUARIA MARTONA LTDA",
		"Rua": "Fazenda Martona",
		"Numero": "S/N",
		"Bairro": "Das Palmeiras",
		"Cidade": "Pouso Alegre",
		"CEP": "37550-001",
		"Estado": "MG",
		"Pais": "BR",
		"Telefone": "35 3427-9004",
		"Latitude": -22.250800456797506,
		"Longitude": -45.96860242406893
	},
	{
		"Nome 1": "AGRO MARTONA - SP Filial 1",
		"Nome": "AGROPECUARIA MARTONA LTDA",
		"Rua": "Av. Magalhaes de Castro",
		"Numero": 4800,
		"Bairro": "Cidade Jardim",
		"Cidade": "São Paulo",
		"CEP": "05676-120",
		"Estado": "SP",
		"Pais": "BR",
		"Telefone": "35 3427-9004",
		"Latitude": -23.597392913836373,
		"Longitude": -46.69723903242666
	},
	{
		"Nome 1": "ANOVIS",
		"Nome": "ANOVIS Industrial Farmacêutica Ltda.",
		"Rua": "Av Ibirama",
		"Numero": 518,
		"Bairro": "Pq. Industrial Daci",
		"Cidade": "Taboão da Serra",
		"CEP": "06785-300",
		"Estado": "SP",
		"Pais": "BR",
		"Telefone": "11 4788-9900",
		"Latitude": -23.636140666391913,
		"Longitude": -46.81247516208351
	},
	{
		"Nome 1": "UQ Gráfica",
		"Nome": "UQ INDUSTRIA GRAFICA E DE EMBALAGENS",
		"Rua": "Rod. Fernao Dias - BR 381",
		"Numero": "SN",
		"Bairro": "Distrito Industrial",
		"Cidade": "Pouso Alegre",
		"CEP": "37556-830",
		"Estado": "MG",
		"Pais": "BR",
		"Telefone": "",
		"Latitude": -22.334337502139242,
		"Longitude": -45.91888552735584
	},
	{
		"Nome 1": "Bthek",
		"Nome": "Uniao Química Farmaceutica Nacional S/A",
		"Rua": "Trecho 01 conjunto 4 Polo Desenv.JK",
		"Numero": "s/n",
		"Bairro": "Santa Maria",
		"Cidade": "Brasilia",
		"CEP": "72549-520",
		"Estado": "DF",
		"Pais": "BR",
		"Telefone": "61 2103-3400",
		"Latitude": -16.031523032131123,
		"Longitude": -47.97777571087379
	},
	{
		"Nome 1": "União Química",
		"Nome": "União Química Farmaceutica Nacional S/A",
		"Rua": "Trecho 01 cj 11 Lotes 6 a 12",
		"Numero": "",
		"Bairro": "Polo de Desenvolvimento JK",
		"Cidade": "Santa Maria",
		"CEP": "72549-555",
		"Estado": "DF",
		"Pais": "BR",
		"Telefone": "61 2103-3401",
		"Latitude": -16.04605571297774,
		"Longitude": -47.978035118058564
	},
	{
		"Nome 1": "Embu Guaçu",
		"Nome": "União Química Farmaceutica Nacional S/A",
		"Rua": "Rua Coronel Luiz Tenorio de Brito",
		"Numero": 90,
		"Bairro": "Centro",
		"Cidade": "Embu Guaçu",
		"CEP": "06900-000",
		"Estado": "SP",
		"Pais": "BR",
		"Telefone": "11 4662-7200",
		"Latitude": -23.825164098052053,
		"Longitude": -46.81666975767215
	},
	{
		"Nome 1": "F&F Acre",
		"Nome": "F&F Distribuidora de Produtos",
		"Rua": "ROD AC-40",
		"Numero": 271,
		"Bairro": "Loteamento Santa Helena",
		"Cidade": "Rio Branco",
		"CEP": "69908-642",
		"Estado": "AC",
		"Pais": "BR",
		"Telefone": "81 3376-3604",
		"Latitude": -10.027510175685281,
		"Longitude": -67.79860213472972
	},
	{
		"Nome 1": "F&F Alagoas",
		"Nome": "F&F Distribuidora de Produtos",
		"Rua": "Rua em Projeto A",
		"Numero": 6241,
		"Bairro": "Antares",
		"Cidade": "Maceió",
		"CEP": "57048-024",
		"Estado": "AL",
		"Pais": "BR",
		"Telefone": "",
		"Latitude": -9.577987737742475,
		"Longitude": -35.73676536762693
	},
	{
		"Nome 1": "F&F Amazonas",
		"Nome": "F&F Distribuidora de Produtos",
		"Rua": "Rua Orlandia",
		"Numero": 165,
		"Bairro": "Aleixo",
		"Cidade": "Manaus",
		"CEP": "69083-020",
		"Estado": "AM",
		"Pais": "BR",
		"Telefone": "81 3376-3604",
		"Latitude": -3.0831006566509638,
		"Longitude": -59.98187843222971
	},
	{
		"Nome 1": "F&F Bahia",
		"Nome": "F&F Distribuidora de Produtos",
		"Rua": "V Acesso II BR324",
		"Numero": "S/N",
		"Bairro": "CIA SUL",
		"Cidade": "Simoes Filho",
		"CEP": "43700-000",
		"Estado": "BA",
		"Pais": "BR",
		"Telefone": "71 3365-7218",
		"Latitude": -12.817694185809627,
		"Longitude": -38.40392663030634
	},
	{
		"Nome 1": "F&F Brasília",
		"Nome": "F&F Distribuidora de Produtos",
		"Rua": "Polo de Desenvolvimento JK, trecho 1",
		"Numero": "S/N",
		"Bairro": "Santa Maria",
		"Cidade": "Brasilia",
		"CEP": "72549-505",
		"Estado": "DF",
		"Pais": "BR",
		"Telefone": "61 2103-6486",
		"Latitude": -16.031831169456094,
		"Longitude": -47.97691101163914
	},
	{
		"Nome 1": "F&F Ceará",
		"Nome": "F&F Distribuidora de Produtos",
		"Rua": "Rua Manoel Arruda",
		"Numero": "381/383",
		"Bairro": "Messejana",
		"Cidade": "Fortaleza",
		"CEP": "60842-090",
		"Estado": "CE",
		"Pais": "BR",
		"Telefone": "85 3016-2942",
		"Latitude": -3.8286218579137326,
		"Longitude": -38.503658573016516
	},
	{
		"Nome 1": "F&F Espirito Santo",
		"Nome": "F&F Distribuidora de Produtos",
		"Rua": "Av. Guarapari",
		"Numero": "S/N",
		"Bairro": "Caxias do Sul",
		"Cidade": "Viana",
		"CEP": "29136-344",
		"Estado": "ES",
		"Pais": "BR",
		"Telefone": "(81) 3376-3604",
		"Latitude": -20.368316518126658,
		"Longitude": -40.42527290330821
	},
	{
		"Nome 1": "F&F Maranhão",
		"Nome": "F&F Distribuidora de Produtos",
		"Rua": "RUA 3 BR 135 GALPAO2 KM 6 E 7",
		"Numero": 1,
		"Bairro": "Distrito Industrial",
		"Cidade": "São Luis",
		"CEP": "65090-280",
		"Estado": "MA",
		"Pais": "BR",
		"Telefone": "(61) 2106-6467",
		"Latitude": -2.629835834432246,
		"Longitude": -44.263024459709165
	},
	{
		"Nome 1": "F&F Mato Grosso",
		"Nome": "F&F Distribuidora de Produtos",
		"Rua": "Rua UM",
		"Numero": 430,
		"Bairro": "Loteamento Sesmaria - São José",
		"Cidade": "Cuiabá",
		"CEP": "78080-530",
		"Estado": "MT",
		"Pais": "BR",
		"Telefone": "65 3624-9242",
		"Latitude": -15.635037211811278,
		"Longitude": -56.038971282626925
	},
	{
		"Nome 1": "F&F Mato Grosso do Sul",
		"Nome": "F&F Distribuidora de Produtos",
		"Rua": "Av. Osvaldo Aranha",
		"Numero": 1474,
		"Bairro": "Jardim Monumento",
		"Cidade": "Campo Grande",
		"CEP": "79060-250",
		"Estado": "MS",
		"Pais": "BR",
		"Telefone": "(81) 3376-3604",
		"Latitude": -20.531867940438595,
		"Longitude": -54.593857707327615
	},
	{
		"Nome 1": "F&F Minas Gerais",
		"Nome": "F&F Distribuidora de Produtos",
		"Rua": "Rod. Fernao Dias - BR 381",
		"Numero": "S/N",
		"Bairro": "Distrito Industrial",
		"Cidade": "Pouso Alegre",
		"CEP": "37556-830",
		"Estado": "MG",
		"Pais": "BR",
		"Telefone": "(61) 21032015",
		"Latitude": -22.336498544866465,
		"Longitude": -45.91865885744511
	},
	{
		"Nome 1": "F&F Pará",
		"Nome": "F&F Distribuidora de Produtos",
		"Rua": "Rodovia BR 316",
		"Numero": 1400,
		"Bairro": "Centro",
		"Cidade": "Marituba",
		"CEP": "67200-000",
		"Estado": "PA",
		"Pais": "BR",
		"Telefone": "",
		"Latitude": -1.3667284988737343,
		"Longitude": -48.32517374113142
	},
	{
		"Nome 1": "F&F Paraíba",
		"Nome": "F&F Distribuidora de Produtos",
		"Rua": "R. José Ferreira de Lima",
		"Numero": 289,
		"Bairro": "Jardim Veneza",
		"Cidade": "João Pessoa",
		"CEP": "58084-102",
		"Estado": "PB",
		"Pais": "BR",
		"Telefone": "81 3462-3273",
		"Latitude": -7.159483364548795,
		"Longitude": -34.90896010069138
	},
	{
		"Nome 1": "F&F Paraná",
		"Nome": "F&F Distribuidora de Produtos",
		"Rua": "Alameda Bom Pastor (Galpao 1)",
		"Numero": 1816,
		"Bairro": "Ouro Fino",
		"Cidade": "São José dos Pinhais",
		"CEP": "83015-140",
		"Estado": "PR",
		"Pais": "BR",
		"Telefone": "",
		"Latitude": -25.561178210185826,
		"Longitude": -49.17566464392594
	},
	{
		"Nome 1": "F&F Pernambuco",
		"Nome": "F&F Distribuidora de Produtos",
		"Rua": "Rodovia BR-101 Sul",
		"Numero": 153,
		"Bairro": "Prazeres",
		"Cidade": "Jaboatão dos Guararapes",
		"CEP": "54335-000",
		"Estado": "PE",
		"Pais": "BR",
		"Telefone": "81 3376-2293",
		"Latitude": -8.175118252395368,
		"Longitude": -34.94053113977663
	},
	{
		"Nome 1": "F&F Piauí",
		"Nome": "F&F Distribuidora de Produtos",
		"Rua": "Av. Campo Maior",
		"Numero": 1099,
		"Bairro": "Parque Alvorada",
		"Cidade": "Teresina",
		"CEP": "64004-500",
		"Estado": "PI",
		"Pais": "BR",
		"Telefone": "81 3376-2293",
		"Latitude": -5.066431574962992,
		"Longitude": -42.828061379897534
	},
	{
		"Nome 1": "F&F Rio de Janeiro",
		"Nome": "F&F Distribuidora de Produtos",
		"Rua": "AV do Acesso Oeste",
		"Numero": 31,
		"Bairro": "KM312 GALP03 MOD05 06 E 07 - Penedo",
		"Cidade": "Itatiaia",
		"CEP": "27580-000",
		"Estado": "RJ",
		"Pais": "BR",
		"Telefone": "(61) 2103-6467",
		"Latitude": -22.491561006474846,
		"Longitude": -44.56396301004122
	},
	{
		"Nome 1": "F&F Rio Grande do Norte",
		"Nome": "F&F Distribuidora de Produtos",
		"Rua": "Rua Camara Cascudo",
		"Numero": 11,
		"Bairro": "Parque Exposições",
		"Cidade": "Parnamirim",
		"CEP": "59146-460",
		"Estado": "RN",
		"Pais": "BR",
		"Telefone": "",
		"Latitude": -5.899065436806777,
		"Longitude": -35.25715521859365
	},
	{
		"Nome 1": "F&F Rio Grande do Sul",
		"Nome": "F&F Distribuidora de Produtos",
		"Rua": "Av. das Industrias(Cruzeiro)",
		"Numero": 645,
		"Bairro": "Distrito Industrial",
		"Cidade": "Cachoeirinha",
		"CEP": "94930-230",
		"Estado": "RS",
		"Pais": "BR",
		"Telefone": "",
		"Latitude": -29.935381485817796,
		"Longitude": -51.10648012085349
	},
	{
		"Nome 1": "F&F Rondônia",
		"Nome": "F&F Distribuidora de Produtos",
		"Rua": "Av. Guapore",
		"Numero": 2415,
		"Bairro": "Lagoa",
		"Cidade": "Porto Velho",
		"CEP": "76812-139",
		"Estado": "RO",
		"Pais": "BR",
		"Telefone": "69 3221-6138",
		"Latitude": -8.768092643420768,
		"Longitude": -63.85975600076727
	},
	{
		"Nome 1": "F&F Roraima",
		"Nome": "F&F Distribuidora de Produtos",
		"Rua": "Av. Presidente Dutra",
		"Numero": 964,
		"Bairro": "Nossa Senhora Aparecida",
		"Cidade": "Boa Vista",
		"CEP": "69306-350",
		"Estado": "RR",
		"Pais": "BR",
		"Telefone": "81 3376-3604",
		"Latitude": 2.836504899495603,
		"Longitude": -60.665568663043736
	},
	{
		"Nome 1": "F&F Santa Catarina",
		"Nome": "F&F Distribuidora de Produtos",
		"Rua": "Rua Romalin Joao da Rosa",
		"Numero": 150,
		"Bairro": "Brejaru",
		"Cidade": "Palhoça",
		"CEP": "88133-516",
		"Estado": "SC",
		"Pais": "BR",
		"Telefone": "",
		"Latitude": -27.61611094977364,
		"Longitude": -48.66349109807255
	},
	{
		"Nome 1": "F&F São Paulo",
		"Nome": "F&F Distribuidora de Produtos",
		"Rua": "Av. Ibirama",
		"Numero": 518,
		"Bairro": "Parque Industrial Daci",
		"Cidade": "TABOão DA SERRA",
		"CEP": "06785-300",
		"Estado": "SP",
		"Pais": "BR",
		"Telefone": "11 4788-9900",
		"Latitude": -23.636336329416086,
		"Longitude": -46.812386005986866
	},
	{
		"Nome 1": "F&F Sergipe",
		"Nome": "F&F Distribuidora de Produtos",
		"Rua": "Av. Chesf- Galpao 02",
		"Numero": "01",
		"Bairro": "Parque dos Farois",
		"Cidade": "Nossa Senhora do Socorro",
		"CEP": "49160-000",
		"Estado": "SE",
		"Pais": "BR",
		"Telefone": "79 3462-3273",
		"Latitude": -10.906408741753129,
		"Longitude": -37.13559486076581
	},
	{
		"Nome 1": "Call Center",
		"Nome": "União Química Farmaceutica Nacional S/A",
		"Rua": "Av. Deputado Jamel Cecilio",
		"Numero": "S/N",
		"Bairro": "Jardim Goiás",
		"Cidade": "Goiânia",
		"CEP": "74810-100",
		"Estado": "GO",
		"Pais": "BR",
		"Telefone": "11 5586-2000",
		"Latitude": -16.704547532148954,
		"Longitude": -49.23998963580105
	},
	{
		"Nome 1": "INOVAT",
		"Nome": "INOVAT Indústria Farmacêutica Ltda.",
		"Rua": "Av. Presidente Tancredo de Almeida Neves",
		"Numero": 1555,
		"Bairro": "Macedo",
		"Cidade": "Guarulhos",
		"CEP": "07112-070",
		"Estado": "SP",
		"Pais": "BR",
		"Telefone": "",
		"Latitude": -23.46519163384817,
		"Longitude": -46.5037907036607
	},
	{
		"Nome 1": "LABORATIL",
		"Nome": "LABORATIL Farmaceutica LTDA",
		"Rua": "Anibal dos A. Carvalho",
		"Numero": 212,
		"Bairro": "Cidade Dutra",
		"Cidade": "São Paulo",
		"CEP": "04810-050",
		"Estado": "SP",
		"Pais": "BR",
		"Telefone": "",
		"Latitude": -23.712522160239093,
		"Longitude": -46.69349432017273
	},
	{
		"Nome 1": "Centro de Distribuição",
		"Nome": "União Química Farmaceutica Nacional S/A",
		"Rua": "RODOVIA FERNAO DIAS - BR 381",
		"Numero": "S/N",
		"Bairro": "Distrito Industrial",
		"Cidade": "Pouso Alegre",
		"CEP": "37556-830",
		"Estado": "MG",
		"Pais": "BR",
		"Telefone": "35 3100-0750",
		"Latitude": -22.266051568005885,
		"Longitude": -45.8912117049583
	},
	{
		"Nome 1": "Pouso Alegre",
		"Nome": "União Química Farmaceutica Nacional S/A",
		"Rua": "Av Prefeito Olavo Gomes de Oliveira",
		"Numero": 4550,
		"Bairro": "São Cristovão",
		"Cidade": "Pouso Alegre",
		"CEP": "37561-030",
		"Estado": "MG",
		"Pais": "BR",
		"Telefone": "35 3449-7600",
		"Latitude": -22.271778980017427,
		"Longitude": -45.9231413873145
	},
	{
		"Nome 1": "Centro Administrativo",
		"Nome": "União Química Farmaceutica Nacional S/A",
		"Rua": "Avenida Magalhães de Castro, CONT TOWER",
		"Numero": 4800,
		"Bairro": "161 e 162, 16 Pavimento -Cidade JD",
		"Cidade": "São Paulo",
		"CEP": "05676-120",
		"Estado": "SP",
		"Pais": "BR",
		"Telefone": "11 5586-2000",
		"Latitude": -23.601528648733293,
		"Longitude": -46.69833943114551
	},
	{
		"Nome 1": "Genom",
		"Nome": "União Química Internacional Ltda.",
		"Rua": "Rua Cancioneiro de Évora",
		"Numero": 255,
		"Bairro": "Santo Amaro",
		"Cidade": "São Paulo",
		"CEP": "04708-010",
		"Estado": "SP",
		"Pais": "BR",
		"Telefone": "11 5694-5166",
		"Latitude": -23.629045666239854,
		"Longitude": -46.69226089774777
	},
	{
		"Nome 1": "Union Agener Inc.",
		"Nome": "Union Agener - Augusta Technology Center",
		"Rua": "Lovers Ln",
		"Numero": 1788,
		"Bairro": "",
		"Cidade": "Augusta",
		"CEP": 30901,
		"Estado": "GA",
		"Pais": "US",
		"Telefone": "+1 706 303 6300",
		"Latitude": 33.42289282718011,
		"Longitude": -81.94282225703408
	}
]